Retention Time	Intensity	Intensity	Intensity
0	0	0	0
0.00333333341404796	0	200	0
0.00666666682809591	0	400	0
0.00999999977648258	0	400	0
0.0133333336561918	0	0	0
0.0166666675359011	0	0	600
0.0199999995529652	0	200	0
0.0233333334326744	0	0	0
0.0266666673123837	0	400	2400
0.0299999993294477	0	0	0
0.0333333350718021	0	0	0
0.0366666652262211	0	0	0
0.0399999991059303	0	200	0
0.0433333329856396	0	0	0
0.0466666668653488	0	0	0
0.0500000007450581	0	0	0
0.0533500015735626	0	0	0
0.0566833317279816	0	400	200
0.0600166656076908	0	0	0
0.0633499994874001	0	400	0
0.066683329641819	0	400	0
0.0700166672468185	0	200	0
0.0733499974012375	0	0	0
0.076683335006237	0	400	0
0.080016665160656	0	400	0
0.0833500027656555	0	0	200
0.0866833329200745	0	0	0
0.0900166630744934	0	400	0
0.093350000679493	0	200	0
0.0966833308339119	0	0	0
0.100016668438911	0	0	400
0.10334999859333	0	1200	0
0.10668333619833	0	200	0
0.110016666352749	0	0	0
0.113349996507168	0	0	600
0.116683334112167	0	0	0
0.120016664266586	0	0	0
0.123350001871586	0	200	0
0.126683339476585	0	0	0
0.130016669631004	0	0	0
0.133366659283638	0	0	0
0.136700004339218	0	0	0
0.140033334493637	0	400	400
0.143366664648056	0	400	0
0.146699994802475	0	400	0
0.150033339858055	0	0	0
0.153366670012474	0	0	0
0.156700000166893	0	0	0
0.160033330321312	0	200	0
0.163366660475731	0	0	0
0.166700005531311	0	200	0
0.17003333568573	0	0	0
0.173366665840149	0	0	0
0.176699995994568	0	0	0
0.180033326148987	0	0	0
0.183366671204567	0	200	0
0.186700001358986	0	0	1000
0.190033331513405	0	0	1800
0.193366661667824	0	400	0
0.196700006723404	0	0	0
0.200033336877823	0	200	0
0.203366667032242	0	200	0
0.206699997186661	0	0	0
0.21003332734108	0	200	200
0.21336667239666	0	600	0
0.216700002551079	0	1200	0
0.220033332705498	0	0	800
0.223366662859917	0	200	0
0.226699993014336	0	200	0
0.230033338069916	0	400	0
0.233383327722549	0	0	0
0.23671667277813	0	0	800
0.240050002932549	0	600	0
0.243383333086967	0	400	0
0.246716663241386	0	600	0
0.250050008296967	0	800	0
0.253383338451385	0	200	0
0.256716668605804	0	0	0
0.260049998760223	0	200	0
0.263383328914642	0	0	0
0.266716659069061	0	800	400
0.27004998922348	0	0	0
0.273383319377899	0	0	0
0.276716679334641	0	0	0
0.280050009489059	1200	400	0
0.283383339643478	0	0	0
0.286716669797897	0	200	0
0.290049999952316	0	0	0
0.293383330106735	0	400	0
0.296716660261154	0	400	0
0.300049990415573	0	400	0
0.303383320569992	0	0	1000
0.306716680526733	0	0	0
0.310050010681152	0	200	1000
0.313383340835571	0	200	0
0.31671667098999	0	0	0
0.320050001144409	0	0	0
0.323383331298828	0	0	0
0.326716661453247	0	0	0
0.330049991607666	0	0	600
0.333383321762085	200	0	0
0.336716651916504	0	3000	400
0.340050011873245	0	600	600
0.343383342027664	0	200	2200
0.346716672182083	0	200	1400
0.350050002336502	0	1400	1200
0.353399991989136	0	2600	200
0.356733322143555	0	200	0
0.360066652297974	0	0	1400
0.363400012254715	0	1800	1200
0.366733342409134	200	200	1600
0.370066672563553	0	200	1800
0.373400002717972	0	0	200
0.376733332872391	200	0	2000
0.38006666302681	0	0	3600
0.383399993181229	0	200	0
0.386733323335648	0	400	0
0.390066653490067	0	800	200
0.393400013446808	0	0	0
0.396733343601227	0	200	0
0.400066673755646	0	0	0
0.403400003910065	0	0	200
0.406733334064484	0	0	0
0.410066664218903	0	200	0
0.413399994373322	0	200	600
0.41673332452774	800	200	0
0.420066654682159	1400	0	0
0.423400014638901	0	0	0
0.42673334479332	0	400	400
0.430066674947739	0	0	400
0.433400005102158	400	200	1000
0.436733335256577	0	0	0
0.440066665410995	0	0	0
0.443399995565414	0	0	0
0.446733325719833	0	400	800
0.450066655874252	0	0	0
0.453416675329208	0	0	0
0.456750005483627	0	0	800
0.460083335638046	0	0	0
0.463416665792465	0	0	0
0.466749995946884	0	200	0
0.470083326101303	0	0	1000
0.473416656255722	0	400	0
0.476749986410141	200	1000	0
0.480083346366882	0	0	0
0.483416676521301	0	400	0
0.48675000667572	600	0	400
0.490083336830139	200	400	0
0.493416666984558	400	600	0
0.496749997138977	200	200	600
0.500083327293396	600	200	1400
0.503416657447815	2600	200	1600
0.506749987602234	1200	0	1200
0.510083317756653	3400	600	400
0.513416647911072	1400	600	2000
0.516749978065491	2600	1000	2000
0.52008330821991	400	1200	2000
0.523416638374329	5000	1400	1000
0.526750028133392	5400	0	800
0.530083358287811	2800	2200	4000
0.53341668844223	1000	1200	2200
0.536750018596649	2200	600	4400
0.540083348751068	1400	3200	2000
0.543416678905487	2400	600	400
0.546750009059906	2200	800	1800
0.550083339214325	1200	1800	1200
0.553416669368744	400	400	2400
0.556749999523163	400	400	800
0.560083329677582	1400	0	200
0.563416659832001	1200	0	200
0.56674998998642	0	200	600
0.570083320140839	400	1400	200
0.573416650295258	0	0	0
0.576749980449677	400	0	0
0.580099999904633	400	200	800
0.583433330059052	0	0	0
0.58676666021347	0	0	0
0.590099990367889	0	0	1000
0.593433320522308	0	400	0
0.596766650676727	200	0	0
0.600099980831146	0	400	0
0.603433310985565	0	400	200
0.606766641139984	0	400	1200
0.610099971294403	0	0	600
0.613433361053467	0	200	0
0.616766691207886	800	0	600
0.620100021362305	0	200	0
0.623433351516724	400	0	0
0.626766681671143	0	200	0
0.630100011825562	0	200	200
0.63343334197998	0	0	0
0.636766672134399	0	400	0
0.640100002288818	400	400	1400
0.643433332443237	0	0	200
0.646766662597656	200	400	0
0.650099992752075	0	200	0
0.653433322906494	0	0	0
0.656766653060913	0	0	0
0.660099983215332	0	0	0
0.663433313369751	0	200	0
0.66676664352417	0	400	0
0.670099973678589	0	400	0
0.673433303833008	0	0	0
0.676766693592072	600	0	0
0.68010002374649	800	400	0
0.683433353900909	600	200	0
0.686766684055328	0	0	600
0.690100014209747	400	200	0
0.693433344364166	0	0	0
0.696766674518585	0	200	1000
0.700100004673004	1000	0	1000
0.703433334827423	0	800	400
0.706766664981842	0	0	0
0.710099995136261	600	0	0
0.71343332529068	1400	600	0
0.716766655445099	600	400	400
0.720099985599518	0	400	200
0.723433315753937	0	0	200
0.726766645908356	0	0	0
0.730099976062775	0	0	800
0.733433306217194	0	0	0
0.736766695976257	0	0	0
0.740100026130676	800	0	600
0.743433356285095	0	200	0
0.746766686439514	0	1000	0
0.750100016593933	2200	0	0
0.753449976444244	600	0	0
0.756783306598663	0	0	0
0.760116696357727	200	400	600
0.763450026512146	0	200	0
0.766783356666565	800	0	0
0.770116686820984	0	400	0
0.773450016975403	0	200	400
0.776783347129822	0	0	0
0.780116677284241	0	600	0
0.783466637134552	0	0	600
0.786800026893616	0	0	600
0.790133357048035	0	0	200
0.793483316898346	1600	1000	0
0.796816647052765	800	0	200
0.800149977207184	400	800	0
0.80349999666214	0	0	0
0.806833326816559	0	0	0
0.810166656970978	0	200	200
0.813499987125397	0	400	0
0.816833317279816	200	0	0
0.820183336734772	1200	200	1400
0.823516666889191	0	400	0
0.82684999704361	0	200	200
0.830183327198029	0	0	0
0.833516657352448	1200	0	0
0.836866676807404	200	0	2000
0.840200006961823	0	0	0
0.843533337116241	0	0	0
0.84686666727066	0	1200	400
0.850199997425079	0	400	0
0.853533327579498	0	200	600
0.856866657733917	0	0	0
0.860199987888336	1400	200	0
0.863533318042755	0	0	0
0.866866648197174	400	0	0
0.870199978351593	0	0	0
0.873533308506012	600	400	0
0.876866638660431	0	200	0
0.880200028419495	0	200	0
0.883533358573914	0	0	0
0.886866688728333	600	0	0
0.890200018882751	0	0	1800
0.89353334903717	400	600	200
0.896866679191589	0	200	800
0.900200009346008	0	400	0
0.903533339500427	0	0	200
0.906866669654846	0	400	0
0.910199999809265	0	600	0
0.913533329963684	0	0	0
0.916866660118103	1400	0	0
0.920199990272522	0	200	0
0.923533320426941	0	0	400
0.92686665058136	1600	400	800
0.930216670036316	800	0	0
0.933550000190735	0	0	400
0.936883330345154	0	1000	0
0.940216660499573	0	0	0
0.943549990653992	600	200	0
0.946883320808411	0	0	0
0.95021665096283	0	0	0
0.953549981117249	600	0	600
0.956883311271667	0	200	0
0.960216641426086	0	400	0
0.963549971580505	0	400	600
0.966883361339569	0	0	0
0.970216691493988	0	400	600
0.973550021648407	0	0	200
0.976883351802826	0	0	0
0.980216681957245	0	0	400
0.983550012111664	1600	0	0
0.986883342266083	0	0	0
0.990216672420502	0	0	400
0.993550002574921	0	400	0
0.99688333272934	0	0	0
1.0002167224884	0	0	0
1.00355005264282	0	400	0
1.00688338279724	0	0	800
1.01021671295166	0	0	0
1.01356661319733	0	200	800
1.01689994335175	0	0	0
1.02023339271545	0	200	200
1.02356672286987	0	0	0
1.02690005302429	0	1000	0
1.03023338317871	1000	0	200
1.03356671333313	0	0	0
1.03690004348755	0	0	0
1.04023337364197	0	0	0
1.04356670379639	0	0	0
1.04690003395081	0	400	0
1.05023336410522	200	0	200
1.05356669425964	0	200	0
1.05690002441406	0	0	0
1.06023335456848	0	200	1600
1.0635666847229	1600	600	1000
1.06690001487732	0	1000	0
1.07023334503174	0	0	0
1.07356667518616	0	400	400
1.07690000534058	0	0	800
1.080233335495	2200	0	0
1.08356666564941	0	0	0
1.08689999580383	0	0	1000
1.09023332595825	400	200	2200
1.09356665611267	1800	0	800
1.09689998626709	0	200	200
1.10023331642151	200	0	0
1.10356664657593	0	0	0
1.10689997673035	1200	600	400
1.11023330688477	0	0	0
1.11356663703918	0	200	1400
1.11691665649414	0	0	0
1.12024998664856	0	200	200
1.12358331680298	0	200	400
1.1269166469574	400	0	600
1.13024997711182	0	0	1000
1.13358330726624	0	400	600
1.13691663742065	0	0	0
1.14024996757507	0	0	200
1.14358329772949	0	0	1400
1.14691662788391	200	200	0
1.15024995803833	0	200	0
1.15358328819275	0	0	600
1.15691661834717	0	200	0
1.16024994850159	1400	0	0
1.16358327865601	0	200	1200
1.16691660881042	0	0	0
1.17025005817413	0	200	0
1.17358338832855	0	0	1000
1.17691671848297	0	200	1000
1.18026661872864	0	0	400
1.18359994888306	0	200	600
1.18693327903748	0	200	1200
1.19026660919189	400	0	0
1.1936000585556	1000	800	200
1.19693338871002	0	400	0
1.20026671886444	1200	0	0
1.20360004901886	0	0	1400
1.20693337917328	0	0	0
1.2102667093277	0	0	1600
1.21360003948212	0	200	0
1.21693336963654	0	400	0
1.22026669979095	0	0	800
1.22360002994537	0	200	200
1.22693336009979	0	200	0
1.23026669025421	0	0	600
1.23360002040863	0	0	0
1.23693335056305	400	0	400
1.24026668071747	0	200	0
1.24360001087189	0	0	0
1.24693334102631	0	0	0
1.25026667118073	0	0	200
1.25360000133514	0	200	400
1.2569500207901	0	0	0
1.26028335094452	0	0	0
1.26361668109894	0	0	0
1.26695001125336	0	0	200
1.27028334140778	0	0	1200
1.27361667156219	0	0	600
1.27695000171661	0	0	800
1.28028333187103	400	0	200
1.28361666202545	0	200	0
1.28694999217987	0	800	0
1.29028332233429	200	200	200
1.29361665248871	200	0	200
1.29694998264313	0	600	0
1.30028331279755	600	200	400
1.30361664295197	0	200	200
1.30694997310638	0	200	200
1.3102833032608	0	400	800
1.31361663341522	0	0	0
1.31694996356964	0	200	0
1.32028329372406	0	200	200
1.32361662387848	0	0	0
1.3269499540329	800	0	0
1.33028328418732	0	0	0
1.33363330364227	0	0	0
1.33696663379669	0	0	200
1.34029996395111	0	0	0
1.34363329410553	0	0	200
1.34696662425995	0	0	0
1.35029995441437	0	200	400
1.35363328456879	0	200	1200
1.35696661472321	0	0	600
1.36029994487762	0	0	0
1.36363327503204	600	200	0
1.36696672439575	0	200	1400
1.37030005455017	0	0	0
1.37363338470459	0	0	0
1.37696671485901	0	0	0
1.38030004501343	0	0	0
1.38363337516785	0	200	200
1.38696670532227	0	0	0
1.39030003547668	0	400	1200
1.3936333656311	0	0	0
1.39696669578552	1400	0	200
1.40030002593994	0	0	0
1.40363335609436	0	0	0
1.40696668624878	0	0	0
1.4103000164032	1000	400	0
1.41363334655762	0	200	0
1.41696667671204	0	0	0
1.42030000686646	0	0	0
1.42363333702087	400	0	0
1.42696666717529	0	0	0
1.43029999732971	0	0	0
1.43365001678467	0	0	0
1.43698334693909	0	200	0
1.44031667709351	400	200	400
1.44365000724792	0	200	0
1.44698333740234	0	0	1800
1.45031666755676	1400	600	2000
1.45364999771118	3400	1200	1400
1.4569833278656	5400	400	4000
1.46031665802002	6800	1800	2600
1.46364998817444	8001	1000	5400
1.46698331832886	14402	3000	11001
1.47031664848328	13402	4600	11800
1.4736499786377	17604	2200	13001
1.47698330879211	19205	6000	7800
1.48031663894653	12602	6001	6800
1.48364996910095	21005	4000	14201
1.48698329925537	24005	5000	11400
1.49031662940979	18804	7201	11001
1.49364995956421	18003	3400	12801
1.49699997901917	17003	4800	12401
1.50033330917358	16002	3000	7200
1.503666639328	9601	3200	13001
1.50699996948242	9400	3200	13401
1.51033329963684	10001	5200	12401
1.51366662979126	9201	7001	12401
1.51699995994568	12602	4200	11401
1.5203332901001	7600	1200	11401
1.52366662025452	9801	1200	13801
1.52699995040894	5200	600	17001
1.53033328056335	7200	2800	19202
1.53366661071777	1600	2600	15401
1.53699994087219	5800	2600	19002
1.5403333902359	3400	5400	15401
1.54366672039032	4800	5400	20203
1.54700005054474	8401	5000	15001
1.55033338069916	6400	3400	11401
1.55366671085358	2600	2400	19004
1.557000041008	3600	5600	16602
1.56033337116241	4800	2800	19602
1.56366670131683	4400	3000	15401
1.56700003147125	5600	8201	14602
1.57033336162567	8601	3000	10200
1.57366669178009	7400	3800	11400
1.57700002193451	5600	3400	13401
1.58033335208893	2800	1400	8000
1.58366668224335	4200	4400	19002
1.58700001239777	5400	1800	12402
1.59033334255219	4800	1000	14601
1.5936666727066	4600	4800	14201
1.59700000286102	7401	2400	13000
1.60033333301544	7400	3400	22603
1.60366666316986	5200	800	12201
1.60699999332428	4400	200	16201
1.61035001277924	4800	4800	23804
1.61368334293365	7800	5400	28205
1.61701667308807	6401	1000	19002
1.62035000324249	6800	1800	24003
1.62368333339691	3600	4200	29406
1.62701666355133	6800	600	33807
1.63034999370575	9000	8601	29806
1.63368332386017	5600	3000	31806
1.63701665401459	4800	3800	35607
1.64034998416901	5400	1400	33607
1.64368331432343	9001	3800	37208
1.64701664447784	6601	3600	32808
1.65034997463226	9001	5000	33407
1.65368330478668	6200	3000	32407
1.6570166349411	6000	6000	33606
1.66034996509552	14002	1600	16202
1.66368329524994	5400	5200	21003
1.66701662540436	7601	1000	18201
1.67034995555878	9601	2200	21603
1.6736832857132	9800	2600	27206
1.67701661586761	9001	4000	21402
1.68034994602203	5000	3400	14601
1.68368327617645	5600	1600	19604
1.68701672554016	4800	4800	21403
1.69035005569458	2400	4400	18003
1.693683385849	4200	5000	30005
1.69701671600342	3600	3400	22804
1.70035004615784	10401	10601	21803
1.70368337631226	8201	3200	20403
1.70701670646667	5000	4400	14201
1.71035003662109	11401	12602	15801
1.71368336677551	5800	7000	16402
1.71701669692993	7000	8000	13001
1.72036671638489	3400	10201	10801
1.72370004653931	6800	6401	15601
1.72703337669373	5200	4800	18602
1.73036670684814	7000	5600	12001
1.73370003700256	5000	5800	17001
1.73703336715698	10401	3400	16601
1.7403666973114	7200	5600	18201
1.74370002746582	8601	9201	15600
1.74703335762024	13002	3600	11801
1.75036668777466	6400	3800	10001
1.75370001792908	11001	2800	17002
1.7570333480835	9600	3800	7200
1.76036667823792	2800	4000	17802
1.76370000839233	4800	4200	17201
1.76703333854675	8000	4800	12401
1.77036666870117	4800	4800	11401
1.77369999885559	3200	3000	11800
1.77703332901001	5000	3800	5000
1.78036665916443	6600	2800	12600
1.78369998931885	9200	1400	16802
1.78703331947327	4800	800	4800
1.79036664962769	4400	2600	11000
1.7936999797821	6600	2600	19402
1.79703330993652	5200	1600	12600
1.80036664009094	7800	5200	11600
1.80369997024536	3800	10001	11601
1.80703330039978	4600	3000	18001
1.8103666305542	5600	4000	16201
1.81369996070862	6600	4400	14601
1.81703329086304	12002	4200	21403
1.82036662101746	12002	3400	15400
1.82369995117188	20604	1800	30203
1.82703328132629	7200	5200	13601
1.83036661148071	16203	2800	23602
1.83369994163513	13402	3800	23603
1.83703339099884	14002	6401	22404
1.84036672115326	17203	3200	35407
1.84370005130768	10401	4600	28004
1.8470333814621	12202	6200	50613
1.85036671161652	17003	3200	36208
1.85370004177094	14002	3600	48413
1.85703337192535	17002	7400	52215
1.86036670207977	13802	6001	47013
1.86370003223419	13401	12602	67426
1.86703336238861	13401	8801	62821
1.87036669254303	14602	14202	71028
1.87370002269745	18603	6400	83843
1.87703335285187	19404	10201	86445
1.88036668300629	6801	4200	102864
1.88370001316071	12002	11202	148530
1.88705003261566	12001	4200	112475
1.89038336277008	12801	9801	141313
1.8937166929245	6400	16603	155734
1.89705002307892	10401	9801	171172
1.90038335323334	7600	5600	142115
1.90371668338776	8001	9000	167357
1.90705001354218	7000	6600	153538
1.91038334369659	12602	9801	152944
1.91371667385101	3600	12201	137715
1.91705000400543	11001	12201	106674
1.92038333415985	7600	8001	135503
1.92371666431427	6000	14002	99469
1.92704999446869	9001	14002	104462
1.93038332462311	8000	8400	96861
1.93371665477753	10401	7401	90047
1.93704998493195	6400	8401	83040
1.94038331508636	2600	18003	76230
1.94371664524078	7000	18204	48813
1.9470499753952	3800	8200	50618
1.95038330554962	6800	8600	32406
1.95371663570404	8201	14202	44611
1.95704996585846	6200	8200	45209
1.96038329601288	7600	11401	41809
1.9637166261673	8000	8201	25204
1.96704995632172	1800	11801	26603
1.97038328647614	7800	3600	21802
1.97371661663055	6400	2200	30203
1.97704994678497	7200	6800	17002
1.98038327693939	2800	8200	25803
1.98371660709381	11401	9801	16601
1.98705005645752	10001	6600	17801
1.99038338661194	6200	10201	24404
1.99371671676636	4800	10001	22602
1.99705004692078	4200	13402	20802
2.0003833770752	13402	11401	21203
2.00371670722961	22205	16002	19202
2.00705003738403	21005	13403	20802
2.01038336753845	42618	8401	14801
2.01371669769287	28407	19604	11200
2.01705002784729	36215	18804	8200
2.02038335800171	28007	7601	16201
2.02371668815613	23806	5401	13401
2.02705001831055	33214	12002	8600
2.03038334846497	21205	13002	5000
2.03371667861938	16203	21405	7400
2.0370500087738	18003	10801	7600
2.04038333892822	21204	12003	7200
2.04371666908264	25606	9601	10200
2.04704999923706	23807	9602	6400
2.05038332939148	29207	14202	11000
2.0537166595459	24005	9001	8400
2.05704998970032	15602	6801	20202
2.06038331985474	21205	3200	12600
2.06371665000916	25606	6801	9601
2.06704998016357	30609	4600	7400
2.07038331031799	30808	11602	13000
2.07371664047241	44218	3000	12401
2.07704997062683	53629	5401	2400
2.08038330078125	47423	3000	8400
2.08371663093567	55227	6800	7601
2.08704996109009	63846	2200	6400
2.09038329124451	56830	3000	5800
2.09371662139893	52426	800	5400
2.09704995155334	54827	2800	4600
2.10038328170776	61241	0	3800
2.10371661186218	52627	2400	13601
2.1070499420166	38817	600	10401
2.11038327217102	36813	3600	9801
2.11371660232544	42217	400	6200
2.11704993247986	32610	2000	5000
2.12038326263428	26408	2000	4600
2.1237165927887	16602	3400	4600
2.12704992294312	11602	1600	2600
2.13038325309753	8600	2000	10600
2.13371658325195	6200	1200	8400
2.13704991340637	8000	400	6000
2.14038324356079	3400	1000	12601
2.14371657371521	6400	200	8800
2.14704990386963	3200	0	7800
2.15038323402405	1000	1000	10001
2.15371656417847	4600	1600	5600
2.15704989433289	6200	1000	6400
2.1603832244873	3800	600	15802
2.16371655464172	2600	2400	8000
2.16704988479614	2400	2000	3400
2.17038321495056	600	3200	3000
2.17371678352356	2000	200	1200
2.17705011367798	1800	3400	6800
2.1803834438324	200	200	1400
2.18371677398682	2000	400	3400
2.18705010414124	4200	2400	8800
2.19038343429565	2400	2400	3800
2.19371676445007	1800	1400	2000
2.19705009460449	200	400	3200
2.20038342475891	1200	0	600
2.20371675491333	1800	600	1400
2.20705008506775	1800	200	2400
2.21038341522217	1600	0	3200
2.21371674537659	600	800	1600
2.21705007553101	2000	3000	3400
2.22038340568542	1200	1200	4000
2.22371673583984	2000	3200	0
2.22705006599426	2600	3800	2400
2.23038339614868	2600	3200	1000
2.2337167263031	1000	6401	600
2.23705005645752	800	4400	1000
2.24038338661194	5200	7201	800
2.24371671676636	5200	8401	200
2.24705004692078	3000	9801	0
2.2503833770752	6800	8801	200
2.25371670722961	6200	9201	1200
2.25705003738403	4000	12602	2200
2.26038336753845	2400	5400	1400
2.26371669769287	4800	3800	2800
2.26705002784729	0	6400	0
2.27038335800171	0	1600	0
2.27371668815613	400	9001	400
2.27705001831055	2000	6600	0
2.28038334846497	3400	7000	0
2.28371667861938	600	4600	1000
2.2870500087738	1200	1600	0
2.29038333892822	800	3800	0
2.29371666908264	0	400	600
2.29704999923706	2000	1800	0
2.30038332939148	200	1800	400
2.3037166595459	800	400	1000
2.30704998970032	400	2200	3000
2.31038331985474	200	1200	0
2.31371665000916	1400	600	400
2.31704998016357	400	1600	1400
2.32038331031799	400	800	400
2.32371664047241	1000	2200	1200
2.32704997062683	0	400	600
2.33038330078125	0	1200	1400
2.33371663093567	400	400	200
2.33704996109009	1000	200	200
2.34038329124451	600	200	0
2.34371662139893	0	1000	400
2.34704995155334	1400	400	200
2.35038328170776	0	400	0
2.35371661186218	600	0	200
2.3570499420166	0	1400	200
2.36038327217102	600	1200	800
2.36371660232544	0	1000	800
2.36704993247986	0	200	200
2.37038326263428	0	400	1400
2.3737165927887	0	1200	800
2.37704992294312	600	200	400
2.38038325309753	400	200	2800
2.38371658325195	600	200	1000
2.38704991340637	200	200	600
2.39038324356079	600	0	0
2.39371657371521	400	1400	200
2.39704990386963	200	600	400
2.40038323402405	0	400	1000
2.40371656417847	200	200	0
2.40704989433289	0	0	1000
2.4103832244873	1000	200	0
2.41371655464172	0	600	200
2.41704988479614	0	400	200
2.42038321495056	200	200	400
2.42371678352356	0	0	400
2.42705011367798	0	0	800
2.4303834438324	0	0	400
2.43371677398682	200	2600	400
2.43705010414124	1600	200	800
2.44038343429565	0	0	1000
2.44371676445007	0	0	600
2.44705009460449	200	400	0
2.45038342475891	0	400	1000
2.45371675491333	0	800	800
2.45705008506775	0	600	0
2.46038341522217	0	400	0
2.46371674537659	200	400	800
2.46705007553101	0	600	0
2.47038340568542	0	0	1400
2.47371673583984	0	600	0
2.47705006599426	400	0	800
2.48038339614868	0	1000	200
2.4837167263031	0	600	1400
2.48705005645752	200	0	600
2.49038338661194	0	200	0
2.49371671676636	400	0	0
2.49705004692078	0	0	400
2.5003833770752	400	400	200
2.50371670722961	0	200	200
2.50705003738403	0	200	400
2.51038336753845	800	0	0
2.51371669769287	0	0	600
2.51705002784729	0	0	1600
2.52038335800171	400	0	200
2.52371668815613	0	200	0
2.52705001831055	0	200	1600
2.53038334846497	0	400	800
2.53371667861938	0	600	0
2.5370500087738	200	600	2200
2.54038333892822	0	400	800
2.54371666908264	0	200	3400
2.54704999923706	200	400	800
2.55038332939148	200	400	1600
2.5537166595459	0	600	400
2.55704998970032	800	200	800
2.56038331985474	0	200	200
2.56371665000916	200	400	1200
2.56704998016357	200	800	1000
2.57038331031799	0	200	800
2.57371664047241	200	0	1800
2.57704997062683	0	800	1000
2.58038330078125	400	0	400
2.58371663093567	0	0	800
2.58704996109009	0	0	200
2.59038329124451	0	0	1600
2.59371662139893	0	200	0
2.59704995155334	0	0	400
2.60038328170776	0	0	200
2.60371661186218	0	0	1000
2.6070499420166	600	200	200
2.61038327217102	0	200	600
2.61371660232544	200	200	0
2.61704993247986	0	200	1000
2.62038326263428	200	200	800
2.6237165927887	0	200	0
2.62704992294312	1000	600	1000
2.63038325309753	800	600	0
2.63371658325195	0	200	2000
2.63704991340637	0	0	1000
2.64038324356079	200	0	1000
2.64371657371521	800	200	2400
2.64704990386963	0	0	1600
2.65038323402405	0	600	200
2.65371656417847	0	0	600
2.65704989433289	0	600	600
2.6603832244873	0	0	1000
2.66371655464172	0	0	800
2.66704988479614	0	600	200
2.67038321495056	0	0	2400
2.67371678352356	200	0	1400
2.67705011367798	600	1200	600
2.6803834438324	200	400	400
2.68371677398682	0	200	1400
2.68705010414124	0	2400	1200
2.69038343429565	0	200	0
2.69371676445007	0	200	400
2.69705009460449	1200	1600	1400
2.70038342475891	200	600	0
2.70371675491333	200	0	0
2.70705008506775	800	1600	400
2.71038341522217	1200	0	2400
2.71371674537659	0	400	1000
2.71705007553101	0	200	600
2.72038340568542	600	0	2600
2.72371673583984	400	400	2000
2.72705006599426	600	200	600
2.73038339614868	0	0	2400
2.7337167263031	0	0	400
2.73705005645752	0	600	0
2.7403666973114	0	400	200
2.74370002746582	1200	200	1400
2.74703335762024	0	0	0
2.75036668777466	1200	200	200
2.75370001792908	1200	400	1800
2.7570333480835	600	400	400
2.76036667823792	0	200	0
2.76370000839233	400	400	0
2.76703333854675	800	0	0
2.77036666870117	200	400	2600
2.77369999885559	1000	1200	200
2.77703332901001	0	0	0
2.78036665916443	1000	600	400
2.78369998931885	0	600	200
2.78703331947327	0	200	200
2.79036664962769	600	0	200
2.7936999797821	1000	200	1000
2.79703330993652	0	0	1000
2.80036664009094	0	0	400
2.80369997024536	0	1200	200
2.80703330039978	400	200	1200
2.8103666305542	600	600	1200
2.81369996070862	0	200	1200
2.81703329086304	0	0	200
2.82036662101746	2600	400	1000
2.82369995117188	800	0	600
2.82703328132629	0	0	400
2.83036661148071	1200	0	1000
2.83369994163513	200	1200	4600
2.83703327178955	200	0	800
2.84036660194397	1400	200	1200
2.84369993209839	200	0	1800
2.84703326225281	2200	0	600
2.85036659240723	3200	400	800
2.85369992256165	1000	0	400
2.85703325271606	1200	400	1200
2.86036658287048	2400	1000	1200
2.8636999130249	1800	2200	2800
2.86703324317932	1600	1200	2400
2.87036657333374	2400	600	1600
2.87369990348816	1800	0	1200
2.87703323364258	600	0	2400
2.880366563797	0	200	400
2.88369989395142	400	0	600
2.88703322410583	1000	600	1000
2.89036655426025	1400	200	4200
2.89369988441467	800	0	2800
2.89703321456909	1400	0	2800
2.90036678314209	2000	400	2200
2.90370011329651	600	2200	1400
2.90703344345093	2600	200	2000
2.91036677360535	800	1000	1000
2.91370010375977	2000	0	600
2.91703343391418	200	1000	2600
2.9203667640686	800	0	600
2.92370009422302	800	400	2200
2.92703342437744	0	1800	1000
2.93036675453186	1600	0	800
2.93370008468628	1200	400	800
2.9370334148407	800	0	400
2.94036674499512	800	1000	4400
2.94370007514954	2400	2400	1800
2.94703340530396	600	1000	4200
2.95036673545837	200	800	2400
2.95370006561279	3400	0	3600
2.95703339576721	2200	0	2200
2.96036672592163	2200	1400	3600
2.96370005607605	2400	0	1800
2.96703338623047	2200	0	2000
2.97036671638489	2000	2000	1200
2.97370004653931	1400	0	1400
2.97703337669373	1400	1600	600
2.98036670684814	0	3000	2800
2.98370003700256	3400	0	1600
2.98703336715698	3400	200	2600
2.99035000801086	2400	2000	4000
2.99368333816528	1600	1600	1600
2.9970166683197	2000	400	2600
3.00034999847412	800	200	1000
3.00368332862854	0	0	1600
3.00701665878296	1800	200	3000
3.01034998893738	0	3200	1000
3.0136833190918	2600	2000	1800
3.01701664924622	1200	200	1400
3.02034997940063	600	200	800
3.02368330955505	0	3400	3800
3.02701663970947	2600	400	1600
3.03034996986389	600	1600	2800
3.03368330001831	2000	200	1800
3.03701663017273	2600	600	5800
3.04034996032715	200	2600	600
3.04368329048157	1200	0	5000
3.04701662063599	200	400	1000
3.05034995079041	3200	0	3600
3.05368328094482	2800	400	1400
3.05701661109924	0	1600	1400
3.06034994125366	1200	1800	3600
3.06368327140808	1600	600	2800
3.0670166015625	1000	0	3200
3.07034993171692	2000	200	1800
3.07368326187134	1000	800	5000
3.07701659202576	1400	800	4400
3.08034992218018	2000	0	4200
3.08368325233459	1200	600	2800
3.08701658248901	2400	1000	4600
3.09034991264343	3200	1400	5600
3.09368324279785	1600	1600	3000
3.09701657295227	7400	1400	7200
3.10034990310669	1200	600	2000
3.10368323326111	2000	200	3800
3.10701656341553	1200	400	6200
3.11034989356995	400	200	3400
3.11368322372437	3800	600	5200
3.11701655387878	6600	2000	2000
3.1203498840332	3200	200	3600
3.12368321418762	0	2000	6000
3.12701678276062	1800	6000	2800
3.13035011291504	400	200	4400
3.13368344306946	1800	800	9400
3.13701677322388	3000	1400	8401
3.1403501033783	2800	4200	5400
3.14368343353271	4600	2000	4400
3.14701676368713	1400	0	9801
3.15035009384155	4800	2800	8000
3.15368342399597	3200	1600	4600
3.15701675415039	600	2400	9601
3.16035008430481	2200	800	6800
3.16368341445923	3800	1400	7001
3.16701674461365	2000	3000	7600
3.17035007476807	1200	2000	9600
3.17368340492249	2400	2400	5400
3.1770167350769	800	600	10000
3.18035006523132	5000	3400	6200
3.18368339538574	2600	2600	8401
3.18701672554016	4200	1600	6600
3.19035005569458	3400	4000	11201
3.193683385849	2000	1600	6600
3.19701671600342	3000	600	8200
3.20035004615784	3800	1200	4800
3.20368337631226	1200	1000	4800
3.20701670646667	2200	3000	4200
3.21035003662109	2200	1200	4000
3.21368336677551	3200	2000	3800
3.21701669692993	1800	1200	7601
3.22035002708435	4000	2200	10401
3.22368335723877	7601	1400	3600
3.22701668739319	1600	1000	4800
3.23035001754761	6801	1000	6600
3.23368334770203	2400	2400	4200
3.23701667785645	4200	4000	10201
3.24035000801086	3000	2200	3800
3.24368333816528	2200	2000	6800
3.2470166683197	3200	4600	15001
3.25034999847412	2800	2200	5200
3.25368332862854	2200	3000	7600
3.25701665878296	5600	2600	8400
3.26034998893738	5000	800	6800
3.2636833190918	2800	4400	5400
3.26701664924622	1800	1000	11201
3.27034997940063	1200	5200	5400
3.27368330955505	3200	2800	6800
3.27701663970947	7400	4000	5200
3.28034996986389	2600	1400	3400
3.28368330001831	4400	3200	8001
3.28701663017273	2200	800	9600
3.29034996032715	3200	1400	7800
3.29368329048157	4000	1600	5800
3.29701662063599	3400	3400	9601
3.30034995079041	3600	600	7000
3.30368328094482	3400	800	9200
3.30701661109924	3000	1000	8400
3.31034994125366	600	400	4600
3.31368327140808	600	1400	3800
3.3170166015625	2200	1200	8400
3.32034993171692	4000	2200	11000
3.32368326187134	2600	2800	10200
3.32701659202576	1600	2800	6200
3.33034992218018	3600	600	10401
3.33368325233459	5200	2200	7600
3.33701658248901	2000	2000	2800
3.34034991264343	3000	1600	5400
3.34368324279785	3600	0	7400
3.34701657295227	2800	3800	11000
3.35034990310669	6400	6401	4600
3.35368323326111	4000	3200	4800
3.35701656341553	2000	200	9200
3.36034989356995	4400	800	5400
3.36368322372437	1800	3200	10800
3.36701655387878	1600	1600	10600
3.3703498840332	2200	2600	9600
3.37368321418762	2800	4000	5400
3.37701678276062	5800	4400	3400
3.38035011291504	3800	800	7800
3.38368344306946	5800	3600	5600
3.38701677322388	8601	1000	8400
3.3903501033783	800	2200	10401
3.39368343353271	7600	600	6200
3.39701676368713	2200	2200	3000
3.40035009384155	4400	2400	9400
3.40368342399597	8801	200	8600
3.40700006484985	2800	200	9600
3.41033339500427	2200	400	7800
3.41366672515869	1000	3000	7000
3.41700005531311	4200	0	7201
3.42033338546753	3200	2200	5200
3.42366671562195	1600	1800	5000
3.42700004577637	3400	4400	9000
3.43033337593079	4200	2600	7800
3.43366670608521	6600	3800	9801
3.43700003623962	6800	1400	6400
3.44033336639404	2800	3600	5400
3.44366669654846	2600	1000	5600
3.44700002670288	6600	2200	6400
3.4503333568573	5800	3200	6600
3.45366668701172	5000	2800	6400
3.45700001716614	5200	1000	8000
3.46033334732056	3400	8000	7200
3.46366667747498	5600	800	3000
3.46700000762939	5800	1000	6400
3.47033333778381	4000	3200	17802
3.47366666793823	6000	1000	11600
3.47699999809265	5000	2400	11201
3.48033332824707	6400	4800	8200
3.48366665840149	1600	2800	7200
3.48699998855591	6000	1200	7200
3.49033331871033	5800	200	8400
3.49366664886475	2600	1800	6200
3.49699997901917	2600	1200	7600
3.50033330917358	2200	1000	7600
3.503666639328	6400	600	7200
3.50699996948242	2800	2600	6600
3.51033329963684	4400	5600	9400
3.51366662979126	4000	1400	11601
3.51699995994568	1800	200	10400
3.5203332901001	7401	1800	9401
3.52366662025452	5400	800	8201
3.52699995040894	3200	2600	8401
3.53033328056335	6400	2600	6800
3.53366661071777	3600	1800	9000
3.53699994087219	2800	8801	7400
3.54033327102661	6200	1600	11000
3.54366660118103	3000	200	10400
3.54699993133545	3200	2400	12601
3.55033326148987	1000	3000	10401
3.55366659164429	11401	1800	6800
3.55699992179871	2600	1200	6000
3.56033325195313	4200	2400	5000
3.56366658210754	3000	600	10600
3.56699991226196	1600	2200	14601
3.57033324241638	4400	1400	5200
3.5736665725708	2600	3400	9201
3.57699990272522	4800	1200	13802
3.58033323287964	2400	1800	9801
3.58366656303406	4400	4800	5200
3.58699989318848	1600	2800	10000
3.5903332233429	1200	600	10401
3.59366655349731	2400	0	7001
3.59699988365173	5600	5000	10401
3.60033345222473	4400	3400	9600
3.60366678237915	3400	200	21603
3.60700011253357	1000	200	10001
3.61033344268799	2600	1600	12201
3.61366677284241	2200	2400	10001
3.61700010299683	5600	1400	10801
3.62033343315125	1800	2000	14602
3.62366676330566	5800	1600	10401
3.62700009346008	3200	3200	15803
3.6303334236145	1600	1400	13002
3.63366675376892	1800	2000	12801
3.63700008392334	1200	0	15203
3.64033341407776	3000	600	15602
3.64366674423218	1200	5000	9601
3.6470000743866	2000	4800	12802
3.65033340454102	2800	1200	15403
3.65366673469543	4400	1800	18202
3.65700006484985	6600	1600	20006
3.66033339500427	3800	4800	20403
3.66366672515869	5200	3800	14803
3.66700005531311	1800	1200	16803
3.67033338546753	3400	800	19603
3.67366671562195	5000	5200	8401
3.67700004577637	3000	1400	14802
3.68033337593079	3800	1800	7200
3.68366670608521	800	2000	15202
3.68700003623962	5200	200	5400
3.69033336639404	5200	1600	12201
3.69366669654846	800	1400	5400
3.69700002670288	3600	1600	12000
3.7003333568573	2800	4600	10601
3.70366668701172	1200	600	8401
3.70700001716614	1600	2400	10401
3.71033334732056	2400	3400	7200
3.71366667747498	3800	1000	11001
3.71700000762939	5000	200	6800
3.72033333778381	2800	1200	11001
3.72366666793823	5200	2600	13001
3.72699999809265	6401	600	7601
3.73031663894653	11401	3000	9601
3.73364996910095	5400	2600	9401
3.73698329925537	2000	1800	14802
3.74031662940979	8800	1000	24206
3.74364995956421	6601	800	22806
3.74698328971863	7800	1000	27610
3.75031661987305	8200	5200	27409
3.75364995002747	9201	4600	39015
3.75698328018188	5601	3400	33213
3.7603166103363	7001	3200	47224
3.76364994049072	7401	1000	36413
3.76698327064514	7000	3800	45631
3.77031660079956	12401	1400	35213
3.77364993095398	6001	1400	33414
3.7769832611084	8401	1600	30611
3.78031659126282	8601	2000	46822
3.78364992141724	5200	2000	40218
3.78698325157166	5800	2400	34614
3.79031658172607	5400	2600	24006
3.79364991188049	5200	3000	22805
3.79698324203491	4600	400	21204
3.80031657218933	5000	1400	17003
3.80364990234375	1200	4200	14602
3.80698323249817	5000	1400	8601
3.81031656265259	3400	5401	11401
3.81364989280701	2200	1600	10201
3.81698322296143	3000	5401	10801
3.82031655311584	3800	2000	7601
3.82364988327026	6800	1200	15802
3.82698345184326	4800	2600	8200
3.83031678199768	7201	3600	9201
3.8336501121521	5000	2200	9801
3.83698344230652	1200	1400	6400
3.84031677246094	2000	3600	6800
3.84365010261536	3400	2200	6400
3.84698343276978	2600	1800	7400
3.85031676292419	3000	1800	8400
3.85365009307861	1200	2800	7400
3.85698342323303	4400	2400	5000
3.86031675338745	3200	6201	5400
3.86365008354187	1400	5601	6400
3.86698341369629	4800	5601	3400
3.87031674385071	3800	2000	4400
3.87365007400513	2000	3800	5400
3.87698340415955	200	2000	2800
3.88031673431396	2400	5801	9400
3.88365006446838	2400	3400	6600
3.8869833946228	800	1600	6400
3.89031672477722	6000	10402	5600
3.89365005493164	2000	1400	12401
3.89698338508606	1000	1400	6600
3.90031671524048	3600	2600	10801
3.9036500453949	5400	1800	10200
3.90698337554932	1600	3600	10601
3.91031670570374	3400	1400	7200
3.91365003585815	2800	1600	7600
3.91698336601257	2400	800	7400
3.92031669616699	3400	5200	2800
3.92365002632141	4000	2400	5600
3.92698335647583	3200	2200	7400
3.93031668663025	1800	2600	11801
3.93365001678467	200	2200	7000
3.93698334693909	4200	400	6200
3.94031667709351	2000	400	8801
3.94365000724792	4200	1800	6600
3.94698333740234	600	1600	7800
3.95031666755676	2600	0	3400
3.95364999771118	0	800	7401
3.9569833278656	400	1400	2600
3.96031665802002	400	0	4600
3.96364998817444	2200	800	5400
3.96698331832886	1200	600	6000
3.97031664848328	800	600	6200
3.9736499786377	0	600	7001
3.97698330879211	2000	800	15802
3.98031663894653	200	1600	12202
3.98364996910095	0	200	12402
3.98698329925537	1800	600	23809
3.99031662940979	0	600	24210
3.99364995956421	400	0	24409
3.99698328971863	0	0	34220
4.00031661987305	600	0	23409
4.00365018844604	400	0	40227
4.00698328018188	400	400	41630
4.01031684875488	0	200	37625
4.01364994049072	0	0	47239
4.01698350906372	0	0	49843
4.02031660079956	600	0	36022
4.02365016937256	1000	0	57455
4.0269832611084	400	200	60464
4.0303168296814	200	0	61466
4.03364992141724	0	200	72292
4.03698348999023	0	0	90741
4.04031658172607	0	0	88136
4.04365015029907	0	800	147781
4.04698324203491	0	1000	144964
4.05031681060791	600	0	171711
4.05364990234375	600	1000	187615
4.05698347091675	0	400	225280
4.06031656265259	0	400	309663
4.06365013122559	1400	600	352746
4.06698322296143	1400	0	386379
4.07031679153442	0	200	386336
4.07364988327026	0	0	418837
4.07698345184326	200	200	523328
4.08029985427856	200	400	458593
4.08363342285156	0	800	525998
4.0869665145874	800	600	543707
4.0903000831604	1000	400	481618
4.09363317489624	0	2800	534695
4.09696674346924	2400	1600	546584
4.10029983520508	0	1000	590821
4.10363340377808	0	1000	516397
4.10696649551392	400	200	547742
4.11030006408691	200	400	384325
4.11363315582275	200	0	477124
4.11696672439575	0	800	506382
4.12029981613159	400	400	420246
4.12363338470459	600	400	433055
4.12696647644043	1600	200	415990
4.13030004501343	0	800	402203
4.13363313674927	600	2000	407254
4.13696670532227	0	0	380088
4.14029979705811	400	400	369309
4.1436333656311	1000	1600	346290
4.14696645736694	2400	200	362677
4.15030002593994	400	400	313292
4.15363311767578	2200	200	299304
4.15696668624878	800	1200	258965
4.16029977798462	800	0	202496
4.16363334655762	1600	200	231123
4.16696643829346	800	800	215792
4.17030000686646	200	1800	184176
4.17363309860229	2400	3000	156823
4.17696666717529	0	400	152798
4.18030023574829	2600	200	143149
4.18363332748413	800	2200	124256
4.18696689605713	1600	3800	98567
4.19029998779297	2000	400	89535
4.19363355636597	6600	1200	98963
4.19696664810181	1200	1400	113618
4.2003002166748	1800	1800	91740
4.20363330841064	1000	400	66273
4.20696687698364	3200	1400	76702
4.21029996871948	1600	1400	53448
4.21363353729248	1200	800	72081
4.21696662902832	1400	3200	46637
4.22030019760132	1600	2000	56648
4.22363328933716	1400	1800	54248
4.22696685791016	2600	1600	50236
4.230299949646	3200	600	60458
4.23363351821899	4400	3200	54050
4.23696660995483	0	0	54449
4.24030017852783	5400	400	38220
4.24363327026367	4800	2200	46835
4.24696683883667	3600	2800	54448
4.25029993057251	3200	2600	43430
4.25363349914551	3200	4600	45230
4.25696659088135	3600	1200	51837
4.26030015945435	3800	1400	43230
4.26363325119019	5400	400	50238
4.26696681976318	1400	200	35017
4.27029991149902	3200	3800	53443
4.27363348007202	2200	800	43228
4.27696657180786	2600	2000	44427
4.28030014038086	3200	800	34418
4.2836332321167	3800	4600	43424
4.2869668006897	4000	2600	38021
4.29029989242554	6800	1800	42227
4.29363346099854	2000	4800	50237
4.29696655273438	8600	1400	46233
4.30030012130737	3800	2000	51236
4.30363321304321	4600	1000	38423
4.30696678161621	5000	2800	46833
4.31029987335205	6200	6201	44229
4.31363344192505	9601	2200	51037
4.31696653366089	2800	2600	55440
4.32030010223389	4600	3800	60855
4.32363319396973	3800	3600	51635
4.32696676254272	4400	4200	46834
4.33029985427856	5200	3600	50038
4.33363342285156	7801	6200	37418
4.3369665145874	5000	2400	46032
4.3403000831604	5600	1800	46429
4.34363317489624	2600	5401	42427
4.34696674346924	6800	4600	42024
4.35029983520508	7801	3800	36214
4.35363340377808	1800	1600	40625
4.35696649551392	10001	3200	33012
4.36030006408691	6400	4400	45028
4.36363315582275	7801	5600	41423
4.36696672439575	4000	2200	36219
4.37029981613159	4400	2800	52839
4.37363338470459	3000	2600	40623
4.37694978713989	8800	1800	55240
4.38028335571289	9602	3800	50038
4.38361644744873	3600	4000	43825
4.38695001602173	4600	2800	48228
4.39028310775757	3000	4800	38618
4.39361667633057	8801	1800	39823
4.39694976806641	6400	6801	49637
4.4002833366394	3800	3400	38419
4.40361642837524	6600	2800	43825
4.40694999694824	6401	8201	37017
4.41028356552124	8200	3200	37616
4.41361665725708	6601	2200	39418
4.41695022583008	5800	4800	35613
4.42028331756592	4200	4200	56446
4.42361688613892	5600	4800	56046
4.42694997787476	11801	4200	56246
4.43028354644775	5000	5401	40821
4.43361663818359	2600	5000	43824
4.43695020675659	6000	3000	42822
4.44028329849243	12402	2000	40024
4.44361686706543	6201	2800	43824
4.44694995880127	1400	5400	38218
4.45028352737427	4600	2000	55043
4.45361661911011	4200	3200	40220
4.45695018768311	4000	3600	31611
4.46028327941895	6600	7201	34011
4.46361684799194	8000	2200	40424
4.46694993972778	14402	3400	36418
4.47028350830078	6801	5200	46028
4.47361660003662	7000	2600	45025
4.47695016860962	13602	7001	47429
4.48028326034546	5600	9802	36817
4.48361682891846	13802	5000	37215
4.4869499206543	7600	4800	40625
4.49028348922729	1800	3800	39819
4.49361658096313	10001	4400	43021
4.49695014953613	5800	4000	45223
4.50028324127197	7400	5801	45229
4.50361680984497	3600	9802	34213
4.50694990158081	11401	4600	35615
4.51028347015381	8801	7000	36214
4.51361656188965	6800	1000	43826
4.51695013046265	3800	5200	38622
4.52028322219849	6200	3200	30410
4.52361679077148	7400	5601	29009
4.52694988250732	6600	2600	13401
4.53028345108032	7801	1800	39620
4.53361654281616	5200	3200	32613
4.53695011138916	6800	6401	38014
4.540283203125	6600	2600	53638
4.543616771698	7801	5800	28211
4.54694986343384	2800	5801	26607
4.55028343200684	8401	5000	27009
4.55361652374268	10201	3000	28210
4.55695009231567	4200	3800	37816
4.56028318405151	4000	2600	35822
4.56361675262451	8001	3600	41626
4.56694984436035	1800	2800	25805
4.57028341293335	7400	3400	29610
4.57361650466919	8601	4000	34214
4.57695007324219	9201	6000	41220
4.58028316497803	4400	7401	14802
4.58361673355103	7600	7201	24006
4.58694982528687	7001	2000	30011
4.59028339385986	3400	1600	24807
4.5936164855957	4600	3000	34819
4.5969500541687	7000	1800	25608
4.60028314590454	3200	1600	37417
4.60361671447754	7400	1000	38217
4.60694980621338	6801	4400	25206
4.61028337478638	1000	4200	23607
4.61361646652222	3400	2600	31811
4.61695003509521	9001	1200	23608
4.62028312683105	5400	3000	22806
4.62361669540405	6600	2800	25208
4.62694978713989	6600	3200	22607
4.63028335571289	7201	1400	19404
4.63361644744873	10601	8001	17003
4.63695001602173	5200	2600	35017
4.64028310775757	6601	4000	25408
4.64361667633057	6600	1000	19606
4.64694976806641	4800	800	29008
4.6502833366394	3000	3000	26406
4.65361642837524	1600	4800	29410
4.65694999694824	5400	5400	22007
4.66028356552124	5000	4200	40219
4.66361665725708	1600	5000	24606
4.66695022583008	2600	3000	22807
4.67028331756592	3000	800	16603
4.67361688613892	5200	3400	23406
4.67694997787476	3800	2200	23406
4.68028354644775	2800	3600	17605
4.68361663818359	1600	1600	15602
4.68695020675659	3400	5200	22606
4.69028329849243	2800	2200	13802
4.69361686706543	1800	3400	27610
4.69694995880127	2800	4200	10201
4.70028352737427	2200	6801	17605
4.70361661911011	3000	200	14602
4.70695018768311	5400	4600	12402
4.71028327941895	4400	1000	10801
4.71361684799194	4600	2200	21404
4.71694993972778	2600	2000	20206
4.72028350830078	3800	600	8801
4.72361660003662	3800	4400	18604
4.72695016860962	1800	2200	10601
4.73028326034546	1600	800	18003
4.73361682891846	4200	3600	18604
4.7369499206543	3400	2400	14203
4.74028348922729	2000	0	25607
4.74361658096313	2600	400	12202
4.74695014953613	1800	1400	18803
4.75028324127197	2000	2000	8600
4.75361680984497	5400	600	10201
4.75694990158081	3200	2800	14203
4.76028347015381	5600	1000	11201
4.76361656188965	3200	1400	16604
4.76695013046265	1400	400	12401
4.77028322219849	1800	5200	11602
4.77361679077148	1200	600	11601
4.77694988250732	1000	1200	11601
4.78028345108032	4400	0	18605
4.78361654281616	600	600	8601
4.78695011138916	1400	2400	8601
4.790283203125	600	800	11602
4.793616771698	200	2600	16403
4.79694986343384	1800	1400	5600
4.80028343200684	1200	1400	12401
4.80361652374268	600	600	14601
4.80695009231567	2600	1800	16002
4.81028318405151	2200	1200	6400
4.81361675262451	1800	600	16402
4.81694984436035	0	4000	5400
4.82028341293335	1200	1600	10001
4.82361650466919	1200	2600	12603
4.82695007324219	600	1400	12002
4.83028316497803	2400	800	8401
4.83361673355103	1400	800	8201
4.83694982528687	1800	400	10601
4.84028339385986	3000	600	8200
4.8436164855957	1600	2600	7000
4.8469500541687	3000	1200	5800
4.85028314590454	600	400	9401
4.85361671447754	3600	3200	6400
4.85694980621338	800	2800	8801
4.86028337478638	3200	1800	9001
4.86361646652222	3800	4200	14202
4.86695003509521	4600	1800	8201
4.87028312683105	1200	400	9401
4.87361669540405	0	1200	2600
4.87694978713989	3200	200	9601
4.88028335571289	400	1000	8601
4.88361644744873	3600	400	7600
4.88695001602173	2000	3200	9001
4.89028310775757	2200	600	10001
4.89361667633057	2600	3200	10001
4.89694976806641	3800	0	1600
4.9002833366394	1000	1200	5400
4.90361642837524	1800	1600	5200
4.90694999694824	800	2200	8201
4.91028356552124	800	1000	11802
4.91361665725708	3000	600	6001
4.91693353652954	800	1600	5600
4.92026662826538	1200	400	2600
4.92360019683838	600	2000	10601
4.92693328857422	1400	800	5400
4.93026685714722	1400	1000	7401
4.93359994888306	200	1200	5800
4.93693351745605	2000	2400	4000
4.94026660919189	200	2000	12602
4.94360017776489	3000	4000	4400
4.94693326950073	2200	1000	9201
4.95026683807373	400	200	6401
4.95359992980957	1600	400	5000
4.95693349838257	1600	3800	5400
4.96026659011841	1800	0	7401
4.96360015869141	2400	2800	7001
4.96693325042725	2400	1200	5000
4.97026681900024	1400	800	13602
4.97359991073608	200	2800	7201
4.97693347930908	600	0	2600
4.98026657104492	1400	1400	6001
4.98360013961792	0	1600	4000
4.98693323135376	600	0	8400
4.99026679992676	3000	1200	4400
4.9935998916626	1800	600	4200
4.9969334602356	1000	0	6600
5.00026655197144	800	2200	12203
5.00360012054443	200	0	2000
5.00693321228027	600	200	3800
5.01026678085327	400	400	6600
5.01359987258911	600	200	5600
5.01693344116211	2400	1000	6001
5.02026653289795	600	1000	5400
5.02360010147095	800	400	8800
5.02693319320679	3400	1600	3400
5.03026676177979	1800	2800	3800
5.03359985351563	3400	400	3400
5.03693342208862	1400	0	6400
5.04026651382446	2200	800	5600
5.04360008239746	1200	1800	7200
5.0469331741333	600	600	6400
5.0502667427063	1000	800	4400
5.05359983444214	3000	4000	5000
5.05693340301514	1800	600	4200
5.06026649475098	600	800	9601
5.06360006332397	1800	1400	2800
5.06693315505981	1600	800	4400
5.07026672363281	2800	200	6600
5.07359981536865	1600	0	2400
5.07693338394165	2400	800	4200
5.08026647567749	2400	2200	4000
5.08360004425049	2200	1800	5600
5.08693313598633	800	1000	6601
5.09026670455933	2200	4400	5000
5.09359979629517	600	3400	4400
5.09693336486816	2400	2800	4000
5.100266456604	200	1400	3600
5.103600025177	1400	1200	4800
5.10693311691284	3000	600	4600
5.11026668548584	800	1400	3800
5.11359977722168	1200	400	5800
5.11693334579468	1800	2000	5200
5.12026643753052	0	600	7401
5.12360000610352	1400	200	1600
5.12693309783936	200	200	3600
5.13026666641235	1400	200	1200
5.13360023498535	2000	1600	2800
5.13693332672119	1200	600	4800
5.14026689529419	600	1000	1600
5.14359998703003	200	1800	7800
5.14693355560303	600	600	5600
5.15026664733887	2400	400	4000
5.15360021591187	1000	200	9401
5.15693330764771	1000	1000	3000
5.1602668762207	400	800	600
5.16359996795654	1600	1800	3600
5.16693353652954	0	0	2200
5.17026662826538	2200	1200	6201
5.17360019683838	1400	2400	1400
5.17693328857422	1200	1600	2800
5.18026685714722	1600	1400	4200
5.18359994888306	400	1400	5000
5.18693351745605	1600	0	7201
5.19026660919189	3000	1400	2200
5.19360017776489	800	0	3200
5.19693326950073	3200	0	5000
5.20026683807373	2000	800	5800
5.20359992980957	5600	1000	3200
5.20693349838257	2000	1800	6200
5.21026659011841	0	600	3400
5.21360015869141	400	3200	4600
5.21693325042725	800	1800	5600
5.22026681900024	3400	1000	3400
5.22359991073608	1400	2600	2600
5.22693347930908	1200	400	7200
5.23026657104492	1200	0	5000
5.23360013961792	2200	0	2800
5.23693323135376	1000	1400	9001
5.24026679992676	5000	1200	8801
5.2435998916626	400	1600	1800
5.2469334602356	800	0	6400
5.25026655197144	3600	4200	3600
5.25360012054443	1600	2200	6200
5.25693321228027	1000	1000	6600
5.26026678085327	1600	400	2000
5.26359987258911	1200	3400	9001
5.26693344116211	2200	1600	3400
5.27026653289795	4800	200	4600
5.27360010147095	2000	200	6000
5.27693319320679	1600	1200	4000
5.28026676177979	0	800	2800
5.28359985351563	600	800	4000
5.28693342208862	1400	800	9401
5.29026651382446	6200	0	3200
5.29360008239746	800	2400	4200
5.2969331741333	200	3000	6801
5.3002667427063	1400	200	4000
5.30359983444214	1600	0	8800
5.30693340301514	3200	2600	6600
5.31026649475098	1600	2800	6600
5.31360006332397	1600	1000	9600
5.31693315505981	600	1000	9001
5.32026672363281	2000	1000	2400
5.32359981536865	1000	1600	5600
5.32691669464111	2800	0	4600
5.33024978637695	1000	1200	3400
5.33358335494995	1600	1200	5200
5.33691644668579	3200	600	3400
5.34025001525879	1800	600	5200
5.34358310699463	800	2800	3600
5.34691667556763	2200	200	3000
5.35024976730347	400	1000	1800
5.35358333587646	200	800	5800
5.35691690444946	200	2000	4400
5.3602499961853	1600	400	3800
5.3635835647583	1400	400	5600
5.36691665649414	1200	600	4600
5.37025022506714	1800	1800	2800
5.37358331680298	1800	800	7001
5.37691688537598	1800	3200	10601
5.38024997711182	3000	3400	4400
5.38358354568481	1400	1400	3800
5.38691663742065	2800	1600	2800
5.39025020599365	3000	1600	1600
5.39358329772949	2800	200	4600
5.39691686630249	1000	3600	6201
5.40024995803833	1200	600	5400
5.40358352661133	2000	600	3800
5.40691661834717	0	2400	4600
5.41025018692017	2400	1800	7200
5.41358327865601	1200	1000	8801
5.416916847229	1600	2200	3000
5.42024993896484	2600	2800	7200
5.42358350753784	0	2000	5600
5.42691659927368	1000	3600	8401
5.43025016784668	0	2200	3200
5.43358325958252	1200	200	8600
5.43691682815552	800	1200	9001
5.44024991989136	1800	2000	2400
5.44358348846436	3600	3000	7800
5.4469165802002	2600	400	5200
5.45025014877319	3000	400	5000
5.45358324050903	2400	1000	3800
5.45691680908203	5600	1200	6800
5.46024990081787	1000	3000	7200
5.46358346939087	800	2000	4000
5.46691656112671	1600	800	8200
5.47025012969971	1400	2000	5800
5.47358322143555	3000	1400	3400
5.47691679000854	1600	200	9001
5.48024988174438	1000	3200	6600
5.48358345031738	2200	2800	3000
5.48691654205322	2800	2600	5200
5.49025011062622	2000	1200	3400
5.49358320236206	0	1400	3000
5.49691677093506	400	1400	3400
5.5002498626709	800	1000	4200
5.5035834312439	800	1000	5400
5.50691652297974	2000	200	8201
5.51025009155273	3000	2000	5000
5.51358318328857	3000	1000	7800
5.51691675186157	1600	4400	8201
5.52024984359741	1400	1000	6200
5.52358341217041	3800	4200	4600
5.52691650390625	1200	200	4800
5.53025007247925	200	2800	5000
5.53358316421509	800	1600	4200
5.53691673278809	200	0	5200
5.54024982452393	1400	1600	9801
5.54358339309692	3400	1800	2000
5.54691648483276	1400	400	5400
5.55025005340576	3200	1200	2800
5.5535831451416	1200	600	3600
5.5569167137146	4400	1800	9201
5.56024980545044	2800	0	3600
5.56358337402344	600	800	4400
5.56691646575928	2200	1200	7400
5.57025003433228	4000	400	6200
5.57358312606812	2000	1400	3800
5.57691669464111	5800	1800	4400
5.58024978637695	1400	1200	5600
5.58358335494995	0	3400	5600
5.58691644668579	0	2200	2800
5.59025001525879	800	2200	2000
5.59358310699463	600	2000	4400
5.59691667556763	1000	1800	4600
5.60024976730347	1000	600	6200
5.60358333587646	3200	0	5400
5.60691690444946	1600	1600	5000
5.6102499961853	1800	1000	3200
5.6135835647583	1600	800	2400
5.61691665649414	1600	1400	8000
5.62025022506714	3000	1000	6000
5.62358331680298	2000	1800	3800
5.62691688537598	4000	1000	4800
5.63024997711182	1400	1600	3800
5.63358354568481	2600	1600	1400
5.63691663742065	3800	1400	6000
5.64023351669312	1400	1000	2600
5.64356660842896	3000	2800	7600
5.64690017700195	6200	800	7801
5.65023326873779	3000	1000	8400
5.65356683731079	2200	2000	4800
5.65689992904663	800	200	6000
5.66023349761963	600	3800	5200
5.66356658935547	1600	600	5600
5.66690015792847	1200	1000	6401
5.67023324966431	1200	3200	2600
5.6735668182373	2000	1400	3200
5.67689990997314	2600	800	6400
5.68023347854614	800	4400	4600
5.68356657028198	3600	1200	5800
5.68690013885498	2200	200	1800
5.69023323059082	2000	4400	2200
5.69356679916382	0	2400	7600
5.69689989089966	2800	200	7801
5.70023345947266	2200	2400	7800
5.7035665512085	600	200	4800
5.70690011978149	3400	2000	8600
5.71023321151733	1800	200	3400
5.71356678009033	3600	3000	3400
5.71689987182617	1800	1000	7200
5.72023344039917	2600	1800	3400
5.72356653213501	2000	3600	5800
5.72690010070801	1200	0	8801
5.73023319244385	6200	0	4200
5.73356676101685	200	1600	6200
5.73689985275269	3200	2400	6800
5.74023342132568	600	400	6600
5.74356651306152	3200	3000	4600
5.74690008163452	400	4200	8200
5.75023317337036	1600	1200	6600
5.75356674194336	400	800	4800
5.7568998336792	5601	400	4400
5.7602334022522	1400	4600	5200
5.76356649398804	2400	1800	7800
5.76690006256104	2000	2600	3400
5.77023315429688	2400	2400	6600
5.77356672286987	1400	1800	6400
5.77689981460571	800	4000	1800
5.78023338317871	1600	1600	5200
5.78356647491455	3400	1000	7000
5.78690004348755	0	3800	4600
5.79023313522339	1200	400	6600
5.79356670379639	2200	800	10001
5.79689979553223	2600	200	3400
5.80023336410522	800	1800	3600
5.80356645584106	0	1600	3200
5.80690002441406	2800	4600	6200
5.8102331161499	5800	2200	5200
5.8135666847229	2600	3400	3400
5.81689977645874	2400	1400	3400
5.82023334503174	4000	400	3800
5.82356643676758	800	3000	3600
5.82690000534058	2000	3800	1600
5.83023309707642	2000	800	9200
5.83356666564941	600	800	4600
5.83690023422241	3800	2200	4800
5.84023332595825	2400	1400	6000
5.84356689453125	800	2600	4600
5.84689998626709	800	2600	5200
5.85023355484009	600	3600	5800
5.85356664657593	600	200	7000
5.85690021514893	1400	2400	7200
5.86023330688477	4200	3000	5200
5.86356687545776	800	1800	8600
5.8668999671936	4000	600	7401
5.8702335357666	600	3800	7800
5.87356662750244	1200	2600	7000
5.87690019607544	400	2000	3800
5.88023328781128	1600	2600	4200
5.88356685638428	1200	2000	7800
5.88689994812012	1800	3600	3800
5.89023351669312	1400	1000	6400
5.89356660842896	1400	5601	2200
5.89690017700195	1000	3000	3000
5.90023326873779	3800	200	4800
5.90356683731079	2400	0	7601
5.90689992904663	200	1400	3200
5.91023349761963	2000	3000	9001
5.91356658935547	2000	3400	4600
5.91690015792847	3800	3400	13201
5.92023324966431	3200	2200	3400
5.9235668182373	1200	4800	5200
5.92689990997314	5800	600	6400
5.93023347854614	2200	1000	4800
5.93356657028198	1600	1800	6000
5.93690013885498	2600	3800	4200
5.94023323059082	1200	1200	2400
5.94356679916382	3600	2000	9000
5.94689989089966	1400	1000	5000
5.95023345947266	1200	2400	4400
5.9535665512085	0	2200	4000
5.95690011978149	2400	6001	5800
5.96023321151733	1000	600	9600
5.96356678009033	4800	600	6200
5.96689987182617	1400	1000	3000
5.97023344039917	600	2200	5600
5.97356653213501	1800	2400	6200
5.97690010070801	800	1000	7800
5.98023319244385	2400	800	5600
5.98356676101685	1600	1800	4000
5.98689985275269	600	1400	7000
5.99023342132568	1400	4200	5600
5.99356651306152	4200	2000	5000
5.99690008163452	600	2200	9600
6.00023317337036	3000	1600	5600
6.00356674194336	2200	1200	8800
6.0068998336792	2400	5401	3800
6.01021671295166	2200	5200	6400
6.0135498046875	1400	2800	1200
6.0168833732605	0	3200	8801
6.02021646499634	1200	2400	5600
6.02355003356934	2400	3600	7200
6.02688312530518	1000	3200	5000
6.03021669387817	1600	3200	7401
6.03354978561401	2800	2200	7000
6.03688335418701	5000	3200	7200
6.04021644592285	2000	2400	11000
6.04355001449585	2800	2000	2600
6.04688310623169	2000	600	7200
6.05021667480469	2000	6001	6600
6.05354976654053	1800	800	7401
6.05688333511353	2600	1200	7400
6.06021690368652	1400	4200	7001
6.06354999542236	1600	3800	6200
6.06688356399536	800	2600	9201
6.0702166557312	1800	2000	4800
6.0735502243042	4800	6801	6600
6.07688331604004	800	2800	3400
6.08021688461304	3000	2400	7200
6.08354997634888	200	5401	5800
6.08688354492188	1400	1200	6200
6.09021663665771	2800	5401	9600
6.09355020523071	3600	2200	5000
6.09688329696655	1400	600	6800
6.10021686553955	1000	1800	6400
6.10354995727539	800	5601	11401
6.10688352584839	5800	3200	5200
6.11021661758423	2200	400	11401
6.11355018615723	4600	2000	6800
6.11688327789307	2000	3000	2600
6.12021684646606	5800	2200	8400
6.1235499382019	3600	2200	12601
6.1268835067749	4600	3000	9800
6.13021659851074	3800	1400	6800
6.13355016708374	2000	3400	7000
6.13688325881958	400	1800	5800
6.14021682739258	2400	2200	5200
6.14354991912842	2000	4000	9800
6.14688348770142	4000	400	1800
6.15021657943726	3200	1000	3800
6.15355014801025	2000	2200	3400
6.15688323974609	6001	3600	5000
6.16021680831909	1200	1600	4800
6.16354990005493	2400	2000	6600
6.16688346862793	1200	1200	3000
6.17021656036377	600	3200	4600
6.17355012893677	2600	1800	5200
6.17688322067261	1600	7001	5800
6.18021678924561	1800	2600	4000
6.18354988098145	1600	2600	4400
6.18688344955444	1000	200	5800
6.19021654129028	2600	1800	5600
6.19355010986328	3400	3400	6400
6.19688320159912	600	2000	5400
6.20021677017212	3000	800	7400
6.20354986190796	3000	3000	5600
6.20688343048096	2800	5801	6200
6.2102165222168	2400	800	3200
6.21355009078979	3400	800	5000
6.21688318252563	2600	800	5800
6.22021675109863	3800	800	3400
6.22354984283447	800	5000	4400
6.22688341140747	6200	3400	10401
6.23021650314331	4200	3000	3200
6.23355007171631	2400	400	6400
6.23688316345215	1800	1600	11001
6.24021673202515	2600	5200	5800
6.24354982376099	7200	5601	7200
6.24688339233398	2000	3200	9200
6.25021648406982	2800	2600	5000
6.25355005264282	1600	3800	10401
6.25688314437866	2200	4000	7401
6.26021671295166	3000	5800	6600
6.2635498046875	7601	1400	4600
6.2668833732605	1800	2400	9000
6.27021646499634	800	2200	7000
6.27355003356934	4800	3600	4400
6.27688312530518	1200	2000	11201
6.28021669387817	2600	4200	10201
6.28354978561401	1600	2200	9800
6.28688335418701	800	4600	5800
6.29021644592285	6800	1000	7000
6.29355001449585	600	3400	4800
6.29688310623169	2600	2600	7000
6.30021667480469	2600	1200	6400
6.30354976654053	2400	1400	8601
6.30688333511353	800	2600	12202
6.31021690368652	1800	600	4400
6.31354999542236	2400	1800	7200
6.31688356399536	1200	2800	9001
6.3202166557312	2000	5601	6600
6.3235502243042	4800	1800	4000
6.32688331604004	4000	2000	4800
6.33021688461304	6000	3800	5600
6.33354997634888	1200	2800	5600
6.33688354492188	2400	6001	6400
6.34021663665771	2200	3800	7600
6.34355020523071	3000	5200	6600
6.34688329696655	1400	1200	4800
6.35021686553955	2200	2800	4000
6.35354995727539	3000	1200	7800
6.35688352584839	2000	3000	7400
6.36021661758423	4000	5000	6400
6.36355018615723	5200	2000	10401
6.36688327789307	2400	5801	7600
6.37021684646606	1400	2000	4200
6.3735499382019	4400	3400	6000
6.3768835067749	1200	1800	15601
6.38021659851074	2200	6201	8200
6.38355016708374	3000	3200	8800
6.38688325881958	5400	4200	4400
6.39021682739258	600	2000	4200
6.39354991912842	1600	2200	6000
6.39686679840088	3800	2600	7600
6.40019989013672	2400	6001	6800
6.40353345870972	2400	3200	7000
6.40686655044556	5400	6000	5200
6.41020011901855	3200	5801	6200
6.41353321075439	4600	3000	3200
6.41686677932739	4200	3000	3400
6.42019987106323	3800	3600	6000
6.42353343963623	2600	3000	6000
6.42686653137207	3400	10802	9600
6.43020009994507	3000	3800	6400
6.43354988098145	2200	2800	4400
6.43686676025391	3400	3200	8001
6.44019985198975	2600	6601	9800
6.44353342056274	3800	2200	4800
6.44686651229858	1400	600	4400
6.45020008087158	400	3000	9200
6.45353317260742	6000	2400	6400
6.45686674118042	4400	5000	6600
6.46019983291626	2400	2600	3000
6.46353340148926	3000	5200	7200
6.4668664932251	5800	3600	8000
6.4702000617981	2800	3200	11800
6.47353315353394	4600	4000	11001
6.47686672210693	600	3800	10601
6.48019981384277	400	1200	6600
6.48353338241577	3400	7201	9001
6.48686647415161	4000	1200	7400
6.49020004272461	3200	6200	3800
6.49353313446045	2200	4800	3600
6.49686670303345	3000	2000	8400
6.50019979476929	4000	4400	3400
6.50353336334229	1400	5401	4400
6.50686645507813	3600	5801	8800
6.51020002365112	1600	6801	2200
6.51353311538696	4000	600	9600
6.51686668395996	1400	3400	8401
6.5201997756958	2000	6801	2400
6.5235333442688	3600	1400	7600
6.52686643600464	2200	7801	12801
6.53020000457764	2200	4800	6600
6.53353309631348	5400	3200	5000
6.53686666488647	3400	5601	8401
6.54020023345947	5600	2800	9200
6.54353332519531	4600	3400	7800
6.54686689376831	6000	1600	9000
6.55019998550415	1600	3800	11801
6.55353355407715	3200	3600	9400
6.55686664581299	1000	4400	3800
6.56020021438599	5800	4800	6000
6.56353330612183	4600	5601	12001
6.56686687469482	5200	2600	10401
6.57019996643066	4800	2200	7000
6.57353353500366	6601	2400	9401
6.5768666267395	3600	3600	7600
6.5802001953125	2200	4600	5000
6.58353328704834	2600	200	6400
6.58686685562134	4400	4200	9600
6.59019994735718	2800	4800	5200
6.59353351593018	3400	600	10000
6.59686660766602	2200	3800	9200
6.60020017623901	800	2200	8000
6.60353326797485	1400	7801	9401
6.60686683654785	2200	5601	3800
6.61019992828369	5000	5601	4600
6.61353349685669	7201	4200	7600
6.61686658859253	4800	7201	4800
6.62020015716553	5800	5400	3800
6.62353324890137	5800	3600	7201
6.62686681747437	2000	3600	11801
6.63019990921021	2600	3600	6400
6.6335334777832	400	2400	10801
6.63686656951904	6400	2800	4000
6.64020013809204	3400	2800	4200
6.64353322982788	4200	600	4600
6.64686679840088	1800	4200	6200
6.65019989013672	5400	2600	5600
6.65353345870972	1200	1000	3400
6.65686655044556	600	3800	8601
6.66020011901855	4000	2400	11201
6.66353321075439	4800	1800	6800
6.66686677932739	3200	1200	8801
6.67019987106323	2400	2600	8200
6.67353343963623	4600	6801	10601
6.67684984207153	2600	3200	6800
6.68018341064453	1800	6201	6000
6.68351650238037	6001	1400	6200
6.68685007095337	3800	6001	6400
6.69018316268921	1600	4200	8400
6.69351673126221	2200	5200	6000
6.69684982299805	3600	3200	9601
6.70018339157104	1600	7601	6800
6.70351648330688	3000	3200	10800
6.70685005187988	8201	2400	9800
6.71018314361572	4200	4000	8000
6.71351671218872	8601	3400	11601
6.71684980392456	7800	200	6600
6.72018337249756	5400	2000	10000
6.7235164642334	2600	2400	6800
6.7268500328064	1400	5801	6800
6.73018312454224	3400	4600	7400
6.73351669311523	3400	4400	7000
6.73684978485107	2200	1200	12401
6.74018335342407	3600	1200	5200
6.74351644515991	2800	9001	6400
6.74685001373291	1200	3600	14401
6.75018310546875	4600	800	3800
6.75351667404175	3400	800	6600
6.75684976577759	1800	3600	4200
6.76018333435059	2400	6201	9800
6.76351690292358	2000	4200	4600
6.76684999465942	2000	3000	10400
6.77018356323242	4600	1800	11602
6.77351665496826	3200	3200	3400
6.77685022354126	3600	2600	10401
6.7801833152771	2800	1600	10401
6.7835168838501	5400	3200	7401
6.78684997558594	4000	1200	8401
6.79018354415894	2600	1800	10001
6.79351663589478	2600	7001	7800
6.79685020446777	4000	4200	8000
6.80018329620361	5000	9201	8000
6.80351686477661	2600	4600	9200
6.80684995651245	2800	800	11000
6.81018352508545	2600	4000	11601
6.81351661682129	3600	4600	9000
6.81685018539429	1800	200	11201
6.82018327713013	3400	3800	9000
6.82351684570313	3400	2200	7800
6.82684993743896	3400	5801	8600
6.83018350601196	2800	1200	12202
6.8335165977478	4000	4000	7601
6.8368501663208	3200	3800	6400
6.84018325805664	1400	3400	10401
6.84351682662964	4400	1800	5200
6.84684991836548	2800	1600	10201
6.85018348693848	2800	3600	7000
6.85351657867432	3600	1000	8200
6.85685014724731	800	2200	5000
6.86018323898315	5600	4200	5800
6.86351680755615	3400	5200	4400
6.86684989929199	2800	3800	3800
6.87018346786499	6600	4800	10201
6.87351655960083	600	3000	7800
6.87683343887329	4200	6201	5000
6.88016653060913	4200	1400	9400
6.88350009918213	2200	3600	9000
6.88683319091797	3800	1600	9001
6.89016675949097	1800	6401	8801
6.89349985122681	3400	2600	5800
6.8968334197998	3600	3000	7200
6.90016651153564	3400	2800	10601
6.90350008010864	2400	3400	6200
6.90683317184448	2000	1200	8200
6.91016674041748	3600	1200	11001
6.91349983215332	4200	1800	4800
6.91683340072632	2200	4800	5800
6.92016649246216	3800	5200	6200
6.92350006103516	7401	5200	1600
6.926833152771	2600	4800	6000
6.93016672134399	3000	3200	5800
6.93349981307983	3000	5800	6600
6.93683338165283	800	6201	4600
6.94016647338867	2800	2000	4400
6.94350004196167	4200	3800	11201
6.94683313369751	2600	400	5600
6.95016670227051	8801	3600	5600
6.95349979400635	4600	3000	10000
6.95683336257935	2800	2800	6600
6.96016645431519	3200	2800	7600
6.96350002288818	3200	4200	6800
6.96683311462402	3000	3200	8200
6.97016668319702	3200	2400	5000
6.97349977493286	3800	6001	2400
6.97683334350586	4600	3800	10601
6.9801664352417	1600	2400	6400
6.9835000038147	7000	3800	8000
6.98683309555054	2600	5801	7800
6.99016666412354	2800	3400	11601
6.99350023269653	4600	6401	7400
6.99683332443237	4000	4200	14001
7.00016689300537	6601	0	12802
7.00349998474121	1400	7801	10001
7.00683355331421	5000	3400	9200
7.01016664505005	2200	1600	5000
7.01350021362305	2400	8001	7800
7.01683330535889	4200	6001	4600
7.02016687393188	1000	9201	10401
7.02349996566772	400	2800	7600
7.02683353424072	4400	7601	10000
7.03016662597656	9600	2000	9200
7.03350019454956	1600	4000	5400
7.0368332862854	6200	5000	11600
7.0401668548584	5200	4800	15202
7.04349994659424	4400	2200	11401
7.0468168258667	4800	3200	8800
7.05014991760254	2800	6401	11400
7.05348348617554	200	2200	13001
7.05681657791138	2000	3600	6600
7.06015014648438	2000	2400	8400
7.06348323822021	3600	3000	12801
7.06681680679321	3000	1400	8000
7.07014989852905	3200	2600	7600
7.07348346710205	3200	3200	9801
7.07681655883789	1800	4000	6400
7.08015012741089	1400	8801	10801
7.08348321914673	3200	3400	13201
7.08681678771973	1400	3400	11201
7.09014987945557	2600	1800	10201
7.09348344802856	2400	5401	12801
7.0968165397644	2600	3200	7000
7.1001501083374	1200	2600	5000
7.10348320007324	1000	2400	10201
7.10681676864624	2200	2200	4000
7.11014986038208	2600	1800	12001
7.11348342895508	5800	2000	10801
7.11681652069092	3600	3000	1200
7.12015008926392	1600	800	12401
7.12348318099976	3000	3400	10200
7.12681674957275	2400	3400	13801
7.13014984130859	7400	4200	9200
7.13348340988159	2000	4200	18603
7.13681650161743	2400	5400	7200
7.14015007019043	5000	5200	8801
7.14348316192627	4600	1000	4200
7.14681673049927	3000	5401	9400
7.15014982223511	5200	6001	12002
7.15348339080811	5000	2000	5400
7.15681648254395	2800	2800	10800
7.16015005111694	3000	4400	7400
7.16348314285278	2400	1000	9800
7.16681671142578	5400	2200	11601
7.17014980316162	800	9601	2800
7.17348337173462	3400	4400	7601
7.17681646347046	2400	5000	9800
7.18015003204346	3200	3600	7200
7.1834831237793	2400	3000	6800
7.18681669235229	4200	1200	13601
7.19014978408813	3800	5600	6800
7.19348335266113	3200	3800	10401
7.19681644439697	4000	6001	8200
7.20015001296997	3400	6201	8200
7.20348310470581	7000	4000	11601
7.20681667327881	8401	3600	6800
7.21014976501465	2200	1000	7000
7.21348333358765	2600	2800	5800
7.21681690216064	5200	3200	7800
7.22014999389648	1600	2400	5600
7.22348356246948	5000	2000	9400
7.22681665420532	3400	4200	3400
7.23015022277832	600	6201	5800
7.23348331451416	2800	5200	9001
7.23681688308716	3400	4000	9201
7.240149974823	5400	5000	5000
7.243483543396	1200	400	3000
7.2467999458313	400	1600	4600
7.2501335144043	2000	6201	11601
7.25346660614014	2600	4600	5000
7.25680017471313	3800	3400	2800
7.26013326644897	2400	3000	5400
7.26346683502197	2000	3400	10000
7.26679992675781	1800	2200	4600
7.27013349533081	4000	2400	6200
7.27346658706665	4000	3400	6600
7.27680015563965	600	1800	9200
7.28013324737549	4000	2200	7200
7.28346681594849	4600	4000	7200
7.28679990768433	2600	3400	9401
7.29013347625732	1800	5401	4600
7.29346656799316	1600	4800	3800
7.29680013656616	8601	2800	10201
7.300133228302	2800	1000	9600
7.303466796875	3200	4000	5000
7.30679988861084	2800	1600	3200
7.31013345718384	3200	2800	4600
7.31346654891968	7600	1000	2200
7.31680011749268	3200	3400	5000
7.32013320922852	1800	2800	5000
7.32346677780151	5000	9201	5800
7.32679986953735	6200	1600	3000
7.33013343811035	2600	1800	6400
7.33346652984619	2800	3400	11601
7.33680009841919	1400	4800	10000
7.34013319015503	1400	2200	9801
7.34346675872803	3600	3200	8200
7.34679985046387	1000	400	7200
7.35013341903687	2200	5200	7000
7.35346651077271	400	1600	8001
7.3568000793457	1000	2600	11601
7.36013317108154	4400	4800	16002
7.36346673965454	3400	5401	4800
7.36679983139038	2200	2800	8600
7.37013339996338	4400	3000	10800
7.37346649169922	800	4200	13801
7.37680006027222	6800	3800	7400
7.38013315200806	3800	1000	10201
7.38346672058105	4800	4200	12802
7.38679981231689	1800	6001	8400
7.39013338088989	4400	2600	8200
7.39346647262573	1800	1200	1800
7.39680004119873	2200	2200	7600
7.40013313293457	2600	3800	11601
7.40346670150757	400	11402	11001
7.40679979324341	6000	2600	7800
7.41013336181641	2600	7401	9801
7.41346645355225	2200	1400	10200
7.41680002212524	2800	6401	12401
7.42013311386108	5400	6001	6800
7.42346668243408	1200	5601	7601
7.42679977416992	3000	3000	6400
7.43013334274292	5000	4000	8001
7.43346643447876	5600	6801	10400
7.43680000305176	2600	1000	9200
7.44013357162476	7000	2800	4000
7.4434666633606	2200	6601	9800
7.44680023193359	2000	3200	3800
7.45013332366943	2200	2000	5000
7.45346689224243	1200	800	10801
7.45679998397827	1000	2200	9401
7.46013355255127	3000	4600	6200
7.46346664428711	3400	3200	8000
7.46680021286011	4400	8201	12402
7.47013330459595	6200	4000	9401
7.47346687316895	3400	3200	9000
7.47679996490479	2600	7801	5600
7.48013353347778	3800	4400	4600
7.48346662521362	3200	4000	8401
7.48680019378662	7800	1000	4200
7.49013328552246	2600	5000	6000
7.49346685409546	2400	3200	6800
7.4967999458313	1800	3200	3800
7.5001335144043	2600	5200	10801
7.50346660614014	1400	4600	3800
7.50680017471313	2600	2200	5400
7.51013326644897	3600	1200	9201
7.51346683502197	5400	1400	6801
7.51679992675781	2000	2600	7200
7.52013349533081	3200	1400	4400
7.52346658706665	2400	2600	5400
7.52680015563965	2600	4400	7400
7.53013324737549	2600	9602	8201
7.53346681594849	2200	2400	9201
7.53679990768433	3400	2800	5600
7.54013347625732	1000	6401	5200
7.54346656799316	1600	5000	10601
7.54680013656616	2800	2600	10401
7.550133228302	5601	3400	10000
7.553466796875	1800	5200	8400
7.55679988861084	3000	4000	3400
7.56013345718384	5400	3800	5800
7.56346654891968	3800	4800	3400
7.56680011749268	3600	1800	9001
7.57013320922852	5000	8601	5800
7.57345008850098	3800	4200	5400
7.57678318023682	5200	6201	5400
7.58011674880981	11401	5800	16802
7.58344984054565	5400	9801	10800
7.58678340911865	2800	3800	11201
7.59011650085449	800	1600	2000
7.59345006942749	2400	2000	1400
7.59678316116333	1200	3000	3400
7.60011672973633	2200	2800	3800
7.60344982147217	1400	3400	1200
7.60678339004517	0	800	3200
7.61011648178101	1600	1200	2000
7.613450050354	0	600	400
7.61678314208984	400	1000	3000
7.62011671066284	0	400	1400
7.62344980239868	400	600	600
7.62678337097168	0	0	1800
7.63011646270752	0	1600	2000
7.63345003128052	400	0	200
7.63678312301636	1800	2600	3800
7.64011669158936	0	0	400
7.6434497833252	0	200	1200
7.64678335189819	400	400	600
7.65011644363403	6000	200	0
7.65345001220703	0	600	800
7.65678310394287	2000	400	800
7.66011667251587	0	1800	0
7.66344976425171	0	600	0
7.66678333282471	0	2200	4000
7.67011690139771	3200	800	2400
7.67344999313354	1200	600	1400
7.67678356170654	0	0	1200
7.68011665344238	0	400	2000
7.68345022201538	0	600	400
7.68678331375122	0	400	1000
7.69011688232422	200	3000	1200
7.69344997406006	0	400	600
7.69678354263306	0	0	800
7.7001166343689	1400	1400	800
7.70345020294189	0	800	2200
7.70678329467773	600	1000	0
7.71011686325073	0	1000	1400
7.71344995498657	0	200	3000
7.71678352355957	200	0	0
7.72011661529541	200	400	1800
7.72345018386841	0	600	400
7.72678327560425	0	600	200
7.73011684417725	0	0	0
7.73344993591309	0	200	0
7.73678350448608	1000	200	1600
7.74011659622192	0	0	1200
7.74345016479492	0	2000	0
7.74678325653076	0	0	600
7.75011682510376	600	0	3600
7.75343322753906	400	600	400
7.75676679611206	400	0	1800
7.7600998878479	0	600	3400
7.7634334564209	600	600	3000
7.76676654815674	1000	0	600
7.77010011672974	0	400	200
7.77343320846558	200	1800	1400
7.77676677703857	400	400	6400
7.78009986877441	600	0	600
7.78343343734741	200	400	3000
7.78676652908325	0	1400	0
7.79010009765625	0	2000	0
7.79343318939209	800	200	800
7.79676675796509	0	0	0
7.80009984970093	0	0	400
7.80343341827393	0	0	1600
7.80676651000977	1000	200	0
7.81010007858276	0	0	0
7.8134331703186	0	200	200
7.8167667388916	0	1000	200
7.82009983062744	0	400	1400
7.82343339920044	0	1600	200
7.82676649093628	2000	0	600
7.83010005950928	0	200	0
7.83343315124512	800	600	0
7.83676671981812	1400	200	0
7.84009981155396	0	0	0
7.84343338012695	1200	800	1400
7.84676647186279	400	600	1200
7.85010004043579	600	400	400
7.85343313217163	0	0	0
7.85676670074463	800	0	600
7.86009979248047	0	0	1200
7.86343336105347	0	0	1000
7.86676645278931	0	0	600
7.8701000213623	0	0	400
7.87343311309814	0	0	4000
7.87676668167114	0	200	1600
7.88009977340698	600	0	800
7.88343334197998	0	600	1000
7.88676643371582	0	1200	400
7.89010000228882	200	0	800
7.89343357086182	0	800	2000
7.89676666259766	0	2000	0
7.90010023117065	0	0	0
7.90343332290649	0	0	0
7.90676689147949	0	1000	800
7.91009998321533	0	0	2000
7.91343355178833	0	800	1200
7.91676664352417	200	400	800
7.92010021209717	0	200	3000
7.92343330383301	0	1600	200
7.92676687240601	800	200	1200
7.93009996414185	0	0	400
7.93343353271484	0	0	1000
7.93676662445068	600	800	0
7.94010019302368	0	0	400
7.94343328475952	0	0	0
7.94676685333252	0	0	800
7.95009994506836	800	0	400
7.95343351364136	0	1800	400
7.9567666053772	200	400	1000
7.9601001739502	0	1200	1000
7.96343326568604	400	0	0
7.96676683425903	0	400	200
7.97009992599487	200	0	1400
7.97343349456787	0	0	1200
7.97676658630371	200	200	0
7.98010015487671	0	200	1000
7.98343324661255	0	0	1400
7.98676681518555	0	0	200
7.99009990692139	0	0	1000
7.99343347549438	0	0	0
7.99674987792969	0	0	1000
8.00008296966553	0	1000	800
8.00341701507568	0	2200	0
8.00675010681152	0	200	1000
8.01008319854736	0	200	2600
8.0134162902832	0	0	0
8.01675033569336	0	200	0
8.0200834274292	0	600	0
8.02341651916504	0	200	400
8.02674961090088	0	1600	400
8.03008365631104	0	0	200
8.03341674804688	400	0	400
8.03674983978271	2800	200	400
8.04008293151855	200	200	0
8.04341697692871	0	200	0
8.04675006866455	0	1200	0
8.05008316040039	0	200	0
8.05341625213623	0	0	0
8.05675029754639	0	1000	800
8.06008338928223	0	0	400
8.06341648101807	0	200	0
8.06674957275391	0	0	600
8.07008361816406	0	1400	0
8.0734167098999	0	400	600
8.07674980163574	0	0	0
8.08008289337158	0	0	800
8.08341693878174	0	400	0
8.08675003051758	0	0	0
8.09008312225342	0	0	200
8.09341621398926	0	200	200
8.09675025939941	0	400	400
8.10008335113525	0	1000	0
8.10341644287109	0	0	0
8.10674953460693	0	200	0
8.11008358001709	0	0	600
8.11341667175293	0	0	0
8.11674976348877	0	200	0
8.12008380889893	0	0	400
8.12341690063477	0	0	600
8.12674999237061	0	0	400
8.13008308410645	0	1200	0
8.1334171295166	200	0	600
8.13675022125244	0	0	1800
8.14008331298828	0	0	0
8.14341640472412	0	200	0
8.14675045013428	0	0	0
8.15008354187012	0	200	0
8.15341663360596	0	400	0
8.1567497253418	0	800	1600
8.16008377075195	0	400	0
8.16341686248779	0	400	200
8.16674995422363	0	0	0
8.17008304595947	0	200	400
8.17341709136963	0	200	0
8.17675018310547	0	0	0
8.18008327484131	0	0	0
8.18341636657715	0	0	0
8.1867504119873	0	0	800
8.19008350372314	0	0	600
8.19341659545898	0	0	0
8.19674968719482	0	0	0
8.20008373260498	0	0	0
8.20341682434082	0	0	400
8.20674991607666	0	0	0
8.2100830078125	0	0	200
8.21341705322266	0	4400	0
8.2167501449585	0	0	0
8.22008323669434	0	0	200
8.22341632843018	0	0	0
8.22675037384033	0	0	0
8.23008346557617	0	200	600
8.23341655731201	0	0	600
8.23674964904785	0	0	1200
8.24008369445801	0	400	200
8.24341678619385	0	0	0
8.24674987792969	200	200	0
8.25008296966553	0	0	0
8.25341701507568	0	0	0
8.25675010681152	0	200	200
8.26006698608398	0	0	0
8.26340007781982	0	0	0
8.26673316955566	0	400	400
8.2700662612915	0	600	200
8.27340030670166	0	600	200
8.2767333984375	0	0	0
8.28006649017334	0	200	800
8.28339958190918	0	0	0
8.28673362731934	0	200	400
8.29006671905518	0	0	0
8.29339981079102	0	400	1000
8.29673290252686	0	0	0
8.30006694793701	0	0	0
8.30340003967285	600	0	0
8.30673313140869	0	400	0
8.31006622314453	0	200	1000
8.31340026855469	400	1600	600
8.31673336029053	0	0	0
8.32006645202637	0	200	200
8.32339954376221	0	0	0
8.32673358917236	0	0	0
8.3300666809082	0	0	0
8.33339977264404	200	400	0
8.33673286437988	0	200	200
8.34006690979004	0	0	0
8.34340000152588	0	0	0
8.34673309326172	0	1200	0
8.35006713867188	0	200	0
8.35340023040771	0	200	0
8.35673332214355	0	0	0
8.36006641387939	0	600	0
8.36340045928955	0	0	1000
8.36673355102539	0	0	0
8.37006664276123	0	0	0
8.37339973449707	0	0	0
8.37673377990723	0	0	600
8.38006687164307	0	200	0
8.38339996337891	0	200	0
8.38673305511475	0	0	800
8.3900671005249	800	0	0
8.39340019226074	0	200	0
8.39673328399658	0	0	200
8.40006637573242	0	0	0
8.40340042114258	0	0	1000
8.40673351287842	800	200	600
8.41006660461426	0	200	600
8.4133996963501	200	200	0
8.41673374176025	0	600	0
8.42006683349609	0	0	0
8.42339992523193	0	0	0
8.42673301696777	0	0	400
8.43006706237793	0	200	200
8.43340015411377	0	0	0
8.43673324584961	0	0	0
8.44006633758545	0	400	0
8.44340038299561	0	0	0
8.44673347473145	0	800	0
8.45006656646729	0	0	0
8.45339965820313	0	200	400
8.45673370361328	0	0	0
8.46006679534912	0	0	200
8.46339988708496	0	1000	0
8.4667329788208	0	0	200
8.47006702423096	0	200	400
8.4734001159668	0	0	0
8.47673320770264	0	400	0
8.48006629943848	0	0	1000
8.48340034484863	0	0	0
8.48673343658447	0	0	0
8.49006652832031	0	400	0
8.49339962005615	0	400	800
8.49673366546631	0	400	0
8.50006675720215	0	200	0
8.50339984893799	0	200	0
8.50673294067383	0	200	0
8.51006698608398	0	200	0
8.51340007781982	0	200	0
8.51673316955566	0	0	600
8.5200662612915	0	400	0
8.52340030670166	0	0	0
8.5267333984375	0	0	0
8.53006649017334	0	1000	0
8.53339958190918	0	200	0
8.53673362731934	0	200	0
8.54006671905518	0	0	0
8.54339981079102	1600	200	0
8.54673290252686	0	600	0
8.55004978179932	0	0	0
8.55338287353516	0	0	0
8.55671691894531	0	400	1200
8.56005001068115	0	200	0
8.56338310241699	0	0	0
8.56671619415283	0	200	0
8.57005023956299	0	0	400
8.57338333129883	0	200	1800
8.57673358917236	0	0	0
8.58005046844482	0	0	0
8.58338356018066	0	400	0
8.5867166519165	0	0	0
8.59004974365234	0	400	0
